{"-5": [[0.9261148199439049, -0.03691373020410538, 0.03691373020410538], [0.0, 0.9261148199439049, 0.0], [0.0, -0.07388518005609512, 1.0]], "-4": [[0.940504277125001, -0.02972463332116604, 0.02972463332116604], [0.0, 0.940504277125001, 0.0], [0.0, -0.059495722874999046, 1.0]], "-3": [[0.9550747144967318, -0.02244509570300579, 0.02244509570300579], [0.0, 0.9550747144967318, 0.0], [0.0, -0.04492528550326824, 1.0]], "-2": [[0.9698386881500483, -0.01506887935101986, 0.01506887935101986], [0.0, 0.9698386881500483, 0.0], [0.0, -0.030161311849951744, 1.0]], "-1": [[0.9848092189058661, -0.007589460350573063, 0.007589460350573063], [0.0, 0.9848092189058661, 0.0], [0.0, -0.015190781094133854, 1.0]], "0": [[1.0, 0.0, 0.0], [0.0, 1.0, 0.0], [0.0, 0.0, 1.0]], "1": [[1.0, 0.007706677172775574, 0.0], [0.0, 1.0154254331535617, 0.0], [0.0, 0.01542543315356166, 1.0]], "2": [[1.0, 0.015538115493497477, 0.0], [0.0, 1.0311005454592708, 0.0], [0.0, 0.031100545459270768, 1.0]], "3": [[1.0, 0.023502259583430718, 0.0], [0.0, 1.0470412563334777, 0.0], [0.0, 0.04704125633347767, 1.0]], "4": [[1.0, 0.031607494570299134, 0.0], [0.0, 1.0632644438155174, 0.0], [0.0, 0.06326444381551743, 1.0]], "5": [[1.0, 0.0398626707609563, 0.0], [0.0, 1.079787654417548, 0.0], [0.0, 0.07978765441754805, 1.0]]}