{"-5": [[0.8843367472290993, 0.0, 0.0], [-0.05790390819311142, 0.8843367472290993, 0.05790390819311142], [-0.11566325277090073, 0.0, 1.0]], "-4": [[0.9064692556858063, 0.0, 0.0], [-0.04682382941246033, 0.9064692556858063, 0.04682382941246033], [-0.09353074431419373, 0.0, 1.0]], "-3": [[0.9290714785456657, 0.0, 0.0], [-0.03550858050584793, 0.9290714785456657, 0.03550858050584793], [-0.07092852145433426, 0.0, 1.0]], "-2": [[0.952172826975584, 0.0, 0.0], [-0.023943472653627396, 0.952172826975584, 0.023943472653627396], [-0.04782717302441597, 0.0, 1.0]], "-1": [[0.9758045729249716, 0.0, 0.0], [-0.012112850323319435, 0.9758045729249716, 0.012112850323319435], [-0.02419542707502842, 0.0, 1.0]], "0": [[1.0, 0.0, 0.0], [0.0, 1.0, 0.0], [0.0, 0.0, 1.0]], "1": [[1.0247949330355, 0.0, 0.0], [0.012412952849949924, 1.0, 0.0], [0.02479493303549997, 0.0, 1.0]], "2": [[1.050227534077979, 0.0, 0.0], [0.02514515330949487, 1.0, 0.0], [0.05022753407797893, 0.0, 1.0]], "3": [[1.0763388919749575, 0.0, 0.0], [0.03821714908895657, 1.0, 0.0], [0.0763388919749574, 0.0, 1.0]], "4": [[1.1031730784981755, 0.0, 0.0], [0.0516510153905277, 1.0, 0.0], [0.10317307849817547, 0.0, 1.0]], "5": [[1.1307775659605084, 0.0, 0.0], [0.06547052605173383, 1.0, 0.0], [0.13077756596050846, 0.0, 1.0]]}