{"-10": [[0.9007350676296038, 0.09926493645435666, 0.0], [-0.22004373371601105, 0.7799562843704607, 0.22004373371601105], [-1.4002511348419063e-08, 1.8086471800772347e-08, 1.0]], "-9": [[0.9099261963340413, 0.09007384010650685, 0.0], [-0.2021797150373459, 0.7978202991345008, 0.2021797150373459], [2.226870137125742e-08, 1.4171846747243877e-08, 1.0]], "-8": [[0.9192544933168465, 0.08074549380355879, 0.0], [-0.18358372151851654, 0.8164162530652117, 0.18358372151851654], [1.2536677082480217e-08, -2.5416271743099614e-08, 1.0]], "-7": [[0.9287290274474187, 0.07127098607280996, 0.0], [-0.16419777274131775, 0.8358022087565967, 0.16419777274131775], [3.2022314230296004e-08, -1.8502085529240965e-08, 1.0]], "-6": [[0.9383590860825238, 0.061640946026171844, 0.0], [-0.14395785331726074, 0.8560421741691361, 0.14395785331726074], [4.62229890591277e-09, 2.748639679494588e-08, 1.0]], "-5": [[0.9481545240165172, 0.05184548302978647, 0.0], [-0.12279306352138519, 0.87720692775852, 0.12279306352138519], [1.576639851910813e-08, -8.720094799259334e-09, 1.0]], "-4": [[0.9581258542221658, 0.04187417803270218, 0.0], [-0.10062471777200699, 0.8993752888854815, 0.10062471777200699], [2.559737949241897e-08, 6.657488422330291e-09, 1.0]], "-3": [[0.968283981253559, 0.03171600838120562, 0.0], [-0.07736518979072571, 0.9226348304482693, 0.07736518979072571], [-3.060423048488823e-08, 2.0238995057040418e-08, 1.0]], "-2": [[0.9786406513329603, 0.02135930353051353, 0.0], [-0.05291660875082016, 0.9470833708528663, 0.05291660875082016], [-2.474021267641113e-08, -2.0396313471111543e-08, 1.0]], "-1": [[0.9892083110520787, 0.010791684778720065, 0.0], [-0.02716931700706482, 0.9728307087393306, 0.02716931700706482], [-2.991559661232956e-08, 2.5746395419061905e-08, 1.0]], "0": [[1.0, 0.0, 0.0], [0.0, 1.0, 0.0], [0.0, 0.0, 1.0]], "1": [[0.9892083468341571, -0.010791684500873089, 0.010791684500873089], [0.02716931785841619, 0.9728306883984263, 0.0], [3.1335030244819e-08, -2.507818780233975e-08, 1.0]], "2": [[0.9786407184373438, -0.02135930396616459, 0.02135930396616459], [0.05291660993633785, 0.9470834338924199, 0.0], [2.2403508425138954e-08, 2.1425249298224894e-08, 1.0]], "3": [[0.9682840260821535, -0.031716007739305496, 0.031716007739305496], [0.0773651924073293, 0.9226348232853883, 0.0], [3.3821458960619406e-08, -1.8128741434086975e-08, 1.0]], "4": [[0.9581257983802774, -0.041874177753925323, 0.041874177753925323], [0.10062471537051788, 0.8993752519444456, 0.0], [-2.3865797230089285e-08, -8.819239386581352e-09, 1.0]], "5": [[0.9481544985684788, -0.051845483481884, 0.051845483481884], [0.12279306131729424, 0.8772069276095562, 0.0], [-1.794963723549997e-08, 6.876487724349661e-09, 1.0]], "6": [[0.9383590602904144, -0.061640944331884384, 0.061640944331884384], [0.14395785398267696, 0.8560421231532258, 0.0], [4.622298778862432e-09, -2.7486396039443892e-08, 1.0]], "7": [[0.9287289743757183, -0.07127098739147186, 0.07127098739147186], [0.16419776646357553, 0.8358022084142966, 0.0], [-3.823280976546791e-08, 1.3110681965844905e-08, 1.0]], "8": [[0.9192544808840853, -0.08074549585580826, 0.08074549585580826], [0.18358371724833963, 0.8164162817635068, 0.0], [-2.3260106406381012e-08, 2.227195281713953e-08, 1.0]], "9": [[0.9099261469981595, -0.0900738388299942, 0.0900738388299942], [0.20217971217208605, 0.797820255876962, 0.0], [-1.4171846262626956e-08, -1.7779105606902247e-08, 1.0]], "10": [[0.9007350883965525, -0.09926493465900421, 0.09926493465900421], [0.2200437387892418, 0.7799562702638034, 0.0], [2.3055556636567474e-08, -1.4002511383208896e-08, 1.0]]}